feature,importance
mois,0.5519497914783229
precipitation,0.08795131369208936
humidite,0.08550452677947636
temperature,0.08531043239761502
vitesse_vent,0.07251035150765539
jour_semaine,0.06916928544078343
weekend,0.03693743087561433
evenement,0.010666867828443264
