feature,importance
mois,0.5837823331025179
precipitation,0.08525287453516518
temperature,0.07984637956003443
vitesse_vent,0.07507645240605014
humidite,0.07313092840255593
jour_semaine,0.061278787714714414
weekend,0.03213620809717873
evenement,0.009496036181783388
