{
  "random_forest": {
    "train_metrics": {
      "mse": 190260720.9201687,
      "rmse": 13793.502851711333,
      "mae": 9502.901125613063,
      "r2": 0.9467306300636791
    },
    "test_metrics": {
      "mse": 520900800.1190021,
      "rmse": 22823.25130473312,
      "mae": 18102.399782353994,
      "r2": 0.8586937033347366
    }
  },
  "gradient_boosting": {
    "train_metrics": {
      "mse": 231640799.06838003,
      "rmse": 15219.750295861626,
      "mae": 11244.11976182938,
      "r2": 0.9351449980939788
    },
    "test_metrics": {
      "mse": 586042551.1767696,
      "rmse": 24208.31574432161,
      "mae": 19183.824108559733,
      "r2": 0.8410225083621801
    }
  },
  "xgboost": {
    "train_metrics": {
      "mse": 94534330.17299922,
      "rmse": 9722.876640840364,
      "mae": 7342.182650862069,
      "r2": 0.9735321921344934
    },
    "test_metrics": {
      "mse": 547155192.7880963,
      "rmse": 23391.348673988345,
      "mae": 18371.957175925927,
      "r2": 0.8515715967869683
    }
  },
  "lightgbm": {
    "train_metrics": {
      "mse": 110817707.43429068,
      "rmse": 10526.998975695336,
      "mae": 7750.357149843941,
      "r2": 0.9689731573376665
    },
    "test_metrics": {
      "mse": 562582481.2214494,
      "rmse": 23718.82124435043,
      "mae": 18543.575953466156,
      "r2": 0.8473865907443475
    }
  }
}