{
    "random_forest": {
        "train_metrics": {
            "mse": 191799800.96808293,
            "rmse": 13849.180516120185,
            "mae": 9546.195626450117,
            "r2": 0.9467954306611002
        }
    },
    "gradient_boosting": {
        "train_metrics": {
            "mse": 1019310368.9204977,
            "rmse": 31926.640426460435,
            "mae": 23624.912971003836,
            "r2": 0.7172469995935251
        }
    },
    "linear_regression": {
        "train_metrics": {
            "mse": 3315904692.4403615,
            "rmse": 57583.892647513516,
            "mae": 44980.841162073746,
            "r2": 0.08018006150337753
        }
    }
}