{
    "random_forest": {
        "train_metrics": {
            "mse": 587031982.4513749,
            "rmse": 24228.74289870143,
            "mae": 17502.572527929908,
            "r2": 0.7948419620454539
        },
        "test_metrics": {
            "mse": 1216782646.1890275,
            "rmse": 34882.41170259057,
            "mae": 21640.104079822613,
            "r2": -0.4793903544632654
        }
    },
    "gradient_boosting": {
        "train_metrics": {
            "mse": 2157409888.3434296,
            "rmse": 46447.926631265575,
            "mae": 33835.22180207166,
            "r2": 0.24602067180737197
        },
        "test_metrics": {
            "mse": 951313708.901305,
            "rmse": 30843.3738248802,
            "mae": 16906.302123868656,
            "r2": -0.1566275451290673
        }
    },
    "linear_regression": {
        "train_metrics": {
            "mse": 2848072876.848121,
            "rmse": 53367.339045975685,
            "mae": 37917.33392982917,
            "r2": 0.004645299007845383
        },
        "test_metrics": {
            "mse": 844142778.06314,
            "rmse": 29054.135300558162,
            "mae": 13076.703356490094,
            "r2": -0.026326836241244767
        }
    }
}