{
    "random_forest": {
        "train_metrics": {
            "mse": 191799800.96808293,
            "rmse": 13849.180516120185,
            "mae": 9546.195626450117,
            "r2": 0.9467954306611002
        },
        "test_metrics": {
            "mse": 1403693865.3945997,
            "rmse": 37465.90270358636,
            "mae": 26165.87218097448,
            "r2": 0.6286047594215631
        }
    },
    "gradient_boosting": {
        "train_metrics": {
            "mse": 1019310368.9204977,
            "rmse": 31926.640426460435,
            "mae": 23624.912971003836,
            "r2": 0.7172469995935251
        },
        "test_metrics": {
            "mse": 1422219103.895431,
            "rmse": 37712.320319697,
            "mae": 27781.907155465353,
            "r2": 0.6237032737205801
        }
    },
    "linear_regression": {
        "train_metrics": {
            "mse": 3315904692.4403615,
            "rmse": 57583.892647513516,
            "mae": 44980.841162073746,
            "r2": 0.08018006150337753
        },
        "test_metrics": {
            "mse": 3513633447.6268845,
            "rmse": 59275.90950484762,
            "mae": 46651.907779354835,
            "r2": 0.07034804970171382
        }
    }
}