{
    "random_forest": {
        "train_metrics": {
            "mse": 152033535.23376173,
            "rmse": 12330.187964251061,
            "mae": 8772.907913148369,
            "r2": 0.9418051267727728
        }
    },
    "gradient_boosting": {
        "train_metrics": {
            "mse": 773499894.595934,
            "rmse": 27811.866075399077,
            "mae": 21213.49742301896,
            "r2": 0.7039223731917283
        }
    },
    "linear_regression": {
        "train_metrics": {
            "mse": 2393043778.682714,
            "rmse": 48918.74669983598,
            "mae": 39012.002980682766,
            "r2": 0.0839989406710886
        }
    }
}